Date,SP500,DAX,MCX,SSEC,N225
2015-08-03,"2,098.04","11,443.72","1,663.74","3,622.91","20,548.11"
2015-08-04,"2,093.32","11,456.07","1,674.46","3,756.54","20,520.36"
2015-08-05,"2,099.84","11,636.30","1,693.07","3,694.57","20,614.06"
2015-08-06,"2,083.56","11,585.10","1,675.71","3,661.54","20,664.44"
2015-08-07,"2,077.57","11,490.83","1,690.44","3,744.20","20,724.56"
2015-08-10,2104.18,11604.78,1702.02,3928.42,20808.69
2015-08-11,2084.07,11293.65,1697.87,3927.91,20720.75
2015-08-12,2086.05,10924.61,1697.65,3886.32,20392.77
2015-08-13,2083.39,11014.63,1704.11,3954.56,20595.55
2015-08-14,2091.54,10985.14,1712.47,3965.33,20519.45
2015-08-15,NA,NA,NA,NA,NA
2015-08-16,NA,NA,NA,NA,NA
2015-08-17,2102.44,10940.33,1707.95,3993.67,20620.26
2015-08-18,2096.92,10915.92,1691.24,3748.16,20554.47
2015-08-19,2079.61,10682.15,1673.86,3794.11,20222.63
2015-08-20,2035.73,10432.19,1695.57,3664.29,20033.52
2015-08-21,1970.89,10124.52,1663.31,3507.74,19435.83
2015-08-22,NA,NA,NA,NA,NA
2015-08-23,NA,NA,NA,NA,NA
2015-08-24,1893.21,9648.43,1634.14,3209.91,18540.68
2015-08-25,1867.61,10128.12,1658.13,2964.97,17806.7
2015-08-26,1940.51,9997.43,1660.95,2927.29,18376.83
2015-08-27,1987.66,10315.62,1695.22,3083.59,18574.44
2015-08-28,1988.87,10298.53,1719.16,3232.35,19136.32
2015-08-29,NA,NA,NA,NA,NA
2015-08-30,NA,NA,NA,NA,NA
2015-08-31,1972.18,10259.46,1733.17,3205.99,18890.48
2015-09-01,1913.85,10015.57,1697.99,3166.62,18165.69
2015-09-02,1948.86,10048.05,1690.82,3160.17,18095.4
2015-09-03,1951.13,10317.84,1710.57,NA,18182.39
2015-09-04,1921.22,10038.04,1698.16,NA,17792.16
2015-09-05,NA,NA,NA,NA,NA
2015-09-06,NA,NA,NA,NA,NA
2015-09-07,NA,10108.61,1701.18,3080.42,17860.47
2015-09-08,1969.41,10271.36,1714.18,3170.45,17427.08
2015-09-09,1942.04,10303.12,1722.43,3243.09,18770.51
2015-09-10,1952.29,10210.44,1718.9,3197.89,18299.62
2015-09-11,1961.05,10123.56,1718.06,3200.23,18264.22
2015-09-12,NA,NA,NA,NA,NA
2015-09-13,NA,NA,NA,NA,NA
2015-09-14,1953.03,10131.74,1729.75,3114.8,17965.7
2015-09-15,1978.09,10188.13,1716.26,3005.17,18026.48
2015-09-16,1995.31,10227.21,1731.81,3152.26,18171.6
2015-09-17,1990.2,10229.58,1729.2,3086.06,18432.27
2015-09-18,1958.03,9916.16,1710.84,3097.92,18070.21
2015-09-19,NA,NA,NA,NA,NA
2015-09-20,NA,NA,NA,NA,NA
2015-09-21,1966.97,9948.51,1699.72,3156.54,NA
2015-09-22,1942.74,9570.66,1664.25,3185.62,NA
2015-09-23,1938.76,9612.62,1640.7,3115.89,NA
2015-09-24,1932.24,9427.64,1621.43,3142.69,17571.83
2015-09-25,1931.34,9688.53,1639.64,3092.35,17880.51
2015-09-26,NA,NA,NA,NA,NA
2015-09-27,NA,NA,NA,NA,NA
2015-09-28,1881.77,9483.55,1616.36,3100.76,17645.11
2015-09-29,1884.09,9450.4,1630.51,3038.14,16930.84
2015-09-30,1920.03,9660.44,1642.97,3052.78,17388.15
2015-10-01,1923.82,9509.25,1626.97,NA,17722.42
2015-10-02,1951.36,9553.07,1612.56,NA,17725.13
2015-10-03,NA,NA,NA,NA,NA
2015-10-04,NA,NA,NA,NA,NA
2015-10-05,1987.05,9814.79,1652.47,NA,18005.49
2015-10-06,1979.92,9902.83,1670.69,NA,18186.1
2015-10-07,1995.83,9970.4,1679.49,NA,18322.98
2015-10-08,2013.43,9993.07,1689.32,3143.36,18141.17
2015-10-09,2014.89,10096.6,1728.44,3183.15,18438.67
2015-10-10,NA,NA,NA,NA,NA
2015-10-11,NA,NA,NA,NA,NA
2015-10-12,2017.46,10119.83,1710.6,3287.66,NA
2015-10-13,2003.69,10032.82,1720.81,3293.23,18234.74
2015-10-14,1994.24,9915.85,1723.01,3262.44,17891
2015-10-15,2023.86,10064.8,1731.91,3338.07,18096.9
2015-10-16,2033.11,10104.43,1717,3391.35,18291.8
2015-10-17,NA,NA,NA,NA,NA
2015-10-18,NA,NA,NA,NA,NA
2015-10-19,2033.66,10164.31,1716.08,3386.7,18131.23
2015-10-20,2030.77,10147.68,1722.62,3425.33,18207.15
2015-10-21,2018.94,10238.1,1709.94,3320.68,18554.28
2015-10-22,2052.51,10491.97,1712.1,3368.74,18435.87
2015-10-23,2075.15,10794.54,1725.45,3412.43,18825.3
2015-10-24,NA,NA,NA,NA,NA
2015-10-25,NA,NA,NA,NA,NA
2015-10-26,2071.18,10801.34,1712.13,3429.58,18947.12
2015-10-27,2065.89,10692.19,1725.89,3434.34,18777.04
2015-10-28,2090.35,10831.96,1726.61,3375.2,18903.02
2015-10-29,2089.41,10800.84,1708.6,3387.32,18935.71
2015-10-30,2079.36,10850.14,1711.53,3382.56,19083.1
2015-10-31,NA,NA,NA,NA,NA
2015-11-01,NA,NA,NA,NA,NA
2015-11-02,2104.05,10950.67,1735.75,3325.08,18683.24
2015-11-03,2109.79,10951.15,1763.6,3316.7,NA
2015-11-04,2102.31,10845.24,NA,3459.64,18926.91
2015-11-05,2099.93,10887.74,1766.28,3522.82,19116.41
2015-11-06,2099.2,10988.03,1754.36,3590.03,19265.6
2015-11-07,NA,NA,NA,NA,NA
2015-11-08,NA,NA,NA,NA,NA
2015-11-09,2078.58,10815.45,1751.44,3646.88,19642.74
2015-11-10,2081.72,10832.52,1746.94,3640.49,19671.26
2015-11-11,2075,10907.87,1740.56,3650.25,19691.39
2015-11-12,2045.97,10782.63,1739.96,3632.9,19697.77
2015-11-13,2023.04,10708.4,1728.17,3580.84,19596.91
2015-11-14,NA,NA,NA,NA,NA
2015-11-15,NA,NA,NA,NA,NA
2015-11-16,2053.19,10713.23,1739.8,3606.96,19393.69
2015-11-17,2050.44,10971.04,1787.23,3604.8,19630.63
2015-11-18,2083.58,10959.95,1810.48,3568.47,19649.18
2015-11-19,2081.24,11085.44,1811.2,3617.06,19859.81
2015-11-20,2089.17,11119.83,1826.72,3630.5,19879.81
2015-11-21,NA,NA,NA,NA,NA
2015-11-22,NA,NA,NA,NA,NA
2015-11-23,2086.59,11092.31,1868.07,3610.31,NA
2015-11-24,2089.14,10933.99,1810.05,3616.11,19924.89
2015-11-25,2088.87,11169.54,1833.53,3647.93,19847.58
2015-11-26,NA,11320.77,1828.3,3635.55,19944.41
2015-11-27,2090.11,11293.76,1795.7,3436.3,19883.94
2015-11-28,NA,NA,NA,NA,NA
2015-11-29,NA,NA,NA,NA,NA
2015-11-30,2080.41,11382.23,1771.05,3445.4,19747.47
2015-12-01,2102.63,11261.24,1772.97,3456.31,20012.4
2015-12-02,2079.51,11190.02,1770.13,3536.91,19938.13
2015-12-03,2049.62,10789.24,1787.23,3584.82,19939.9
2015-12-04,2091.69,10752.1,1755.22,3524.99,19504.48
2015-12-05,NA,NA,NA,NA,NA
2015-12-06,NA,NA,NA,NA,NA
2015-12-07,2077.07,10886.09,1741.14,3536.93,19698.15
2015-12-08,2063.59,10673.6,1718.77,3470.07,19492.6
2015-12-09,2047.62,10592.49,1733.09,3472.44,19301.07
2015-12-10,2052.23,10598.93,1732.89,3455.5,19046.55
2015-12-11,2012.37,10340.06,1720.31,3434.58,19230.48
2015-12-12,NA,NA,NA,NA,NA
2015-12-13,NA,NA,NA,NA,NA
2015-12-14,2021.94,10139.34,1708.7,3520.67,18883.42
2015-12-15,2043.41,10450.38,1742.46,3510.35,18565.9
2015-12-16,2073.07,10469.26,1754.71,3516.19,19049.91
2015-12-17,2041.89,10738.12,1780.97,3580,19353.56
2015-12-18,2005.55,10608.19,1719.16,3578.96,18986.8
2015-12-19,NA,NA,NA,NA,NA
2015-12-20,NA,NA,NA,NA,NA
2015-12-21,2021.15,10497.77,1716.91,3642.47,18916.02
2015-12-22,2038.97,10488.75,1723.35,3651.77,18886.7
2015-12-23,2064.29,10727.64,1747.85,3636.09,NA
2015-12-24,2060.99,NA,1742.71,3612.49,18789.69
2015-12-25,NA,NA,1734.21,3627.91,18769.06
2015-12-26,NA,NA,NA,NA,NA
2015-12-27,NA,NA,NA,NA,NA
2015-12-28,2056.5,10653.91,1731.2,3533.78,18873.35
2015-12-29,2078.36,10860.14,1763.38,3563.74,18982.23
2015-12-30,2063.36,10743.01,1761.36,3572.88,19033.71
2015-12-31,2043.94,NA,NA,3539.18,NA
2016-01-01,NA,NA,NA,NA,NA
2016-01-02,NA,NA,NA,NA,NA
2016-01-03,NA,NA,NA,NA,NA
2016-01-04,2012.66,10283.44,1734.56,3296.26,18450.98
2016-01-05,2016.71,10310.1,1754.13,3287.71,18374
2016-01-06,1990.26,10214.02,1748.57,3361.84,18191.32
2016-01-07,1943.09,9979.85,NA,3125,17767.34
2016-01-08,1922.03,9849.34,NA,3186.41,17697.96
2016-01-09,NA,NA,NA,NA,NA
2016-01-10,NA,NA,NA,NA,NA
2016-01-11,1923.67,9825.07,1682.54,3016.7,NA
2016-01-12,1938.68,9985.43,1690.3,3022.86,17218.96
2016-01-13,1890.28,9960.96,1684.78,2949.6,17715.63
2016-01-14,1921.84,9794.2,1680.77,3007.65,17240.95
2016-01-15,1880.33,9545.27,1608.36,2900.97,17147.11
2016-01-16,NA,NA,NA,NA,NA
2016-01-17,NA,NA,NA,NA,NA
2016-01-18,NA,9521.85,1622.43,2913.84,16955.57
2016-01-19,1881.33,9664.21,1645.56,3007.74,17048.37
2016-01-20,1859.33,9391.64,1630.39,2976.69,16416.19
2016-01-21,1868.99,9574.16,1677.19,2880.48,16017.26
2016-01-22,1906.9,9764.88,1717.98,2916.56,16958.53
2016-01-23,NA,NA,NA,NA,NA
2016-01-24,NA,NA,NA,NA,NA
2016-01-25,1877.08,9736.15,1716.56,2938.51,17110.91
2016-01-26,1903.63,9822.75,1705.01,2749.79,16708.9
2016-01-27,1882.95,9880.82,1747.57,2735.56,17163.92
2016-01-28,1893.36,9639.59,1771.93,2655.66,17041.45
2016-01-29,1940.24,9798.11,1784.92,2737.6,17518.3
2016-01-30,NA,NA,NA,NA,NA
2016-01-31,NA,NA,NA,NA,NA
2016-02-01,1939.38,9757.88,1773.21,2688.85,17865.23
2016-02-02,1903.03,9581.04,1758.26,2749.57,17750.68
2016-02-03,1912.53,9434.82,1746.35,2739.25,17191.25
2016-02-04,1915.45,9393.36,1787.93,2781.02,17044.99
2016-02-05,1880.05,9286.23,1780.59,2763.49,16819.59
2016-02-06,NA,NA,NA,NA,NA
2016-02-07,NA,NA,NA,NA,NA
2016-02-08,1853.44,8979.36,1744.27,NA,17004.3
2016-02-09,1852.21,8879.4,1723.36,NA,16085.44
2016-02-10,1851.86,9017.29,1730.83,NA,15713.39
2016-02-11,1829.08,8752.87,1711.58,NA,NA
2016-02-12,1864.78,8967.51,1726.04,NA,14952.61
2016-02-13,NA,NA,NA,NA,NA
2016-02-14,NA,NA,NA,NA,NA
2016-02-15,NA,9206.84,1738.54,2746.2,16022.58
2016-02-16,1895.58,9135.11,1753.86,2836.57,16054.43
2016-02-17,1926.82,9377.21,1770.31,2867.34,15836.36
2016-02-18,1917.83,9463.64,1807.21,2862.89,16196.8
2016-02-19,1917.78,9388.05,1793.37,2860.02,15967.17
2016-02-20,NA,NA,1790.15,NA,NA
2016-02-21,NA,NA,NA,NA,NA
2016-02-22,1945.5,9573.59,1822.38,2927.18,16111.05
2016-02-23,1921.27,9416.77,NA,2903.33,16052.05
2016-02-24,1929.8,9167.8,1797.27,2928.9,15915.79
2016-02-25,1951.7,9331.48,1803.89,2741.25,16140.34
2016-02-26,1948.05,9513.3,1816.73,2767.21,16188.41
2016-02-27,NA,NA,NA,NA,NA
2016-02-28,NA,NA,NA,NA,NA
2016-02-29,1932.23,9495.4,1840.17,2687.98,16026.76
2016-03-01,1978.35,9717.16,1844.17,2733.17,16085.51
2016-03-02,1986.45,9776.62,1832.84,2849.68,16746.55
2016-03-03,1993.4,9751.92,1858.69,2859.76,16960.16
2016-03-04,1999.99,9824.17,1878.29,2874.15,17014.78
2016-03-05,NA,NA,NA,NA,NA
2016-03-06,NA,NA,NA,NA,NA
2016-03-07,2001.76,9778.93,1909.57,2897.34,16911.32
2016-03-08,1979.26,9692.82,NA,2901.39,16783.15
2016-03-09,1989.26,9723.09,1883,2862.56,16642.2
2016-03-10,1989.57,9498.15,1884.63,2804.73,16852.35
2016-03-11,2022.19,9831.13,1876.54,2810.31,16938.87
2016-03-12,NA,NA,NA,NA,NA
2016-03-13,NA,NA,NA,NA,NA
2016-03-14,2019.64,9990.26,1865.31,2859.5,17233.75
2016-03-15,2015.93,9933.85,1855.06,2864.37,17117.07
2016-03-16,2027.22,9983.41,1871.2,2870.43,16974.45
2016-03-17,2040.59,9892.2,1890.79,2904.83,16936.38
2016-03-18,2049.58,9950.8,1914.02,2955.15,16724.81
2016-03-19,NA,NA,NA,NA,NA
2016-03-20,NA,NA,NA,NA,NA
2016-03-21,2051.6,9948.64,1904.5,3018.8,NA
2016-03-22,2049.8,9990,1903.47,2999.36,17048.55
2016-03-23,2036.71,10022.93,1879.89,3009.96,17000.98
2016-03-24,2035.94,9851.35,1866.67,2960.97,16892.33
2016-03-25,NA,NA,1866.23,2979.43,17002.75
2016-03-26,NA,NA,NA,NA,NA
2016-03-27,NA,NA,NA,NA,NA
2016-03-28,2037.05,NA,1849.31,2957.82,17134.37
2016-03-29,2055.01,9887.94,1845.2,2919.83,17103.53
2016-03-30,2063.95,10046.61,1868.1,3000.64,16878.96
2016-03-31,2059.74,9965.51,1871.15,3003.92,16758.67
2016-04-01,2072.78,9794.64,1856.77,3009.53,16164.16
2016-04-02,NA,NA,NA,NA,NA
2016-04-03,NA,NA,NA,NA,NA
2016-04-04,2066.13,9822.08,1866.64,NA,16123.27
2016-04-05,2045.17,9563.36,1857.09,3053.07,15732.82
2016-04-06,2066.66,9624.51,1860.17,3050.59,15715.36
2016-04-07,2041.91,9530.62,1858.85,3008.42,15749.84
2016-04-08,2047.6,9622.26,1877.27,2984.96,15821.52
2016-04-09,NA,NA,NA,NA,NA
2016-04-10,NA,NA,NA,NA,NA
2016-04-11,2041.99,9682.99,1906.9,3033.96,15751.13
2016-04-12,2061.72,9761.47,1899.26,3023.65,15928.79
2016-04-13,2082.42,10026.1,1932.8,3066.64,16381.22
2016-04-14,2082.78,10093.65,1915.85,3082.36,16911.05
2016-04-15,2080.73,10051.57,1907.78,3078.12,16848.03
2016-04-16,NA,NA,NA,NA,NA
2016-04-17,NA,NA,NA,NA,NA
2016-04-18,2094.34,10120.31,1892.64,3033.66,16275.95
2016-04-19,2100.8,10349.59,1930.14,3042.82,16874.44
2016-04-20,2102.4,10421.29,1960.18,2972.58,16906.54
2016-04-21,2091.48,10435.73,1950.08,2952.89,17363.62
2016-04-22,2091.58,10373.49,1967.26,2959.24,17572.49
2016-04-23,NA,NA,NA,NA,NA
2016-04-24,NA,NA,NA,NA,NA
2016-04-25,2087.79,10294.35,1955.47,2946.67,17439.3
2016-04-26,2091.7,10259.59,1946.55,2964.7,17353.28
2016-04-27,2095.15,10299.83,1934.77,2953.67,17290.49
2016-04-28,2075.81,10321.15,1969.89,2945.59,16666.05
2016-04-29,2065.3,10038.97,1953.05,2938.32,NA
2016-04-30,NA,NA,NA,NA,NA
2016-05-01,NA,NA,NA,NA,NA
2016-05-02,2081.43,10123.27,NA,NA,16147.38
2016-05-03,2063.37,9926.77,NA,2992.64,NA
2016-05-04,2051.12,9828.25,1925.58,2991.27,NA
2016-05-05,2050.63,9851.86,1906.48,2997.84,NA
2016-05-06,2057.14,9869.95,1901.56,2913.25,16106.72
2016-05-07,NA,NA,NA,NA,NA
2016-05-08,NA,NA,NA,NA,NA
2016-05-09,2058.69,9980.49,NA,2832.11,16216.03
2016-05-10,2084.39,10045.44,1885.34,2832.59,16565.19
2016-05-11,2064.46,9975.32,1909.05,2837.04,16579.01
2016-05-12,2064.11,9862.12,1901.9,2835.86,16646.34
2016-05-13,2046.61,9952.9,1907.19,2827.11,16412.21
2016-05-14,NA,NA,NA,NA,NA
2016-05-15,NA,NA,NA,NA,NA
2016-05-16,2066.66,NA,1915.33,2850.86,16466.4
2016-05-17,2047.21,9890.19,1909,2843.68,16652.8
2016-05-18,2047.63,9943.23,1917.24,2807.51,16644.69
2016-05-19,2040.04,9795.89,1891.52,2806.91,16646.66
2016-05-20,2052.32,9916.02,1891.33,2825.48,16736.35
2016-05-21,NA,NA,NA,NA,NA
2016-05-22,NA,NA,NA,NA,NA
2016-05-23,2048.04,9842.29,1868.43,2843.64,16654.6
2016-05-24,2076.06,10057.31,1884.12,2821.67,16498.76
2016-05-25,2090.54,10205.21,1898.75,2815.09,16757.35
2016-05-26,2090.1,10272.71,1914.31,2822.44,16772.46
2016-05-27,2099.06,10286.31,1927.58,2821.05,16834.84
2016-05-28,NA,NA,NA,NA,NA
2016-05-29,NA,NA,NA,NA,NA
2016-05-30,NA,10333.23,1935.54,2822.45,17068.02
2016-05-31,2096.96,10262.74,1899.01,2916.62,17234.98
2016-06-01,2099.33,10204.44,1893.18,2913.51,16955.73
2016-06-02,2105.26,10208,1890.78,2925.23,16562.55
2016-06-03,2099.13,10103.26,1886.84,2938.68,16642.23
2016-06-04,NA,NA,NA,NA,NA
2016-06-05,NA,NA,NA,NA,NA
2016-06-06,2109.41,10121.08,1915.54,2934.1,16580.03
2016-06-07,2112.13,10287.68,1951.26,2936.04,16675.45
2016-06-08,2119.12,10217.03,1951.55,2927.16,16830.92
2016-06-09,2115.48,10088.87,1934.92,NA,16668.41
2016-06-10,2096.07,9834.62,1903.61,NA,16601.36
2016-06-11,NA,NA,NA,NA,NA
2016-06-12,NA,NA,NA,NA,NA
2016-06-13,2079.06,9657.44,NA,2833.07,16019.18
2016-06-14,2075.32,9519.2,1885.92,2842.19,15859
2016-06-15,2071.5,9606.71,1889.75,2887.21,15919.58
2016-06-16,2077.99,9550.47,1869.78,2872.82,15434.14
2016-06-17,2071.22,9631.36,1877.07,2885.11,15599.66
2016-06-18,NA,NA,NA,NA,NA
2016-06-19,NA,NA,NA,NA,NA
2016-06-20,2083.25,9962.02,1902.7,2888.81,15965.3
2016-06-21,2088.9,10015.54,1904.02,2878.56,16169.11
2016-06-22,2085.45,10071.06,1896.7,2905.55,16065.72
2016-06-23,2113.32,10257.03,1919.27,2891.96,16238.35
2016-06-24,2037.41,9557.16,1884.41,2854.29,14952.02
2016-06-25,NA,NA,NA,NA,NA
2016-06-26,NA,NA,NA,NA,NA
2016-06-27,2000.54,9268.66,1841.73,2895.7,15309.21
2016-06-28,2036.09,9447.28,1857.23,2912.56,15323.14
2016-06-29,2070.77,9612.27,1888.15,2931.59,15566.83
2016-06-30,2098.86,9680.09,1891.09,2929.61,15575.92
2016-07-01,2102.95,9776.12,1896.62,2932.48,15682.48
2016-07-02,NA,NA,NA,NA,NA
2016-07-03,NA,NA,NA,NA,NA
2016-07-04,NA,9709.09,1907.48,2988.6,15775.8
2016-07-05,2088.55,9532.61,1895.64,3006.39,15669.33
2016-07-06,2099.73,9373.26,1879.42,3017.29,15378.99
2016-07-07,2097.9,9418.78,1882.41,3016.85,15276.24
2016-07-08,2129.9,9629.66,1894.35,2988.09,15106.98
2016-07-09,NA,NA,NA,NA,NA
2016-07-10,NA,NA,NA,NA,NA
2016-07-11,2137.16,9833.41,1913.12,2994.92,15708.82
2016-07-12,2152.14,9964.07,1938.36,3049.38,16095.65
2016-07-13,2152.43,9930.71,1935.88,3060.69,16231.43
2016-07-14,2163.75,10068.3,1942.46,3054.02,16385.89
2016-07-15,2161.74,10066.9,1940.85,3054.3,16497.85
2016-07-16,NA,NA,NA,NA,NA
2016-07-17,NA,NA,NA,NA,NA
2016-07-18,2166.89,10063.13,1936.07,3043.56,NA
2016-07-19,2163.78,9981.24,1915.89,3036.6,16723.31
2016-07-20,2173.02,10142.01,1915.09,3027.9,16681.89
2016-07-21,2165.17,10156.21,1927.7,3039.01,16810.22
2016-07-22,2175.03,10147.46,1926.9,3012.82,16627.25
2016-07-23,NA,NA,NA,NA,NA
2016-07-24,NA,NA,NA,NA,NA
2016-07-25,2168.48,10198.24,1931.78,3015.83,16620.29
2016-07-26,2169.18,10247.76,1938.52,3050.17,16383.04
2016-07-27,2166.58,10319.55,1938.65,2992,16664.82
2016-07-28,2170.06,10274.93,1954.45,2994.32,16476.84
2016-07-29,2173.6,10337.5,1944.62,2979.34,16569.27
2016-07-30,NA,NA,NA,NA,NA
2016-07-31,NA,NA,NA,NA,NA
2016-08-01,2170.84,10330.52,1947.36,2953.39,16635.77
2016-08-02,2157.03,10144.34,1912.69,2971.28,16391.45
2016-08-03,2163.79,10170.21,1919.15,2978.46,16083.11
2016-08-04,2164.25,10227.86,1944.94,2982.43,16254.89
2016-08-05,2182.87,10367.21,1944.31,2976.7,16254.45
2016-08-06,NA,NA,NA,NA,NA
2016-08-07,NA,NA,NA,NA,NA
2016-08-08,2180.89,10432.36,1956.99,3004.28,16650.57
2016-08-09,2181.74,10692.9,1956.42,3025.68,16764.97
2016-08-10,2175.49,10650.89,1942.67,3018.75,16735.12
2016-08-11,2185.79,10742.84,1952.18,3002.64,NA
2016-08-12,2184.05,10713.43,1967.18,3050.67,16919.92
2016-08-13,NA,NA,NA,NA,NA
2016-08-14,NA,NA,NA,NA,NA
2016-08-15,2190.15,10739.21,1977.28,3125.2,16869.56
2016-08-16,2178.15,10676.65,1975.8,3110.04,16596.51
2016-08-17,2182.22,10537.67,1969.19,3109.55,16745.64
2016-08-18,2187.02,10603.03,1970.07,3104.11,16486.01
2016-08-19,2183.87,10544.36,1959.72,3108.1,16545.82
2016-08-20,NA,NA,NA,NA,NA
2016-08-21,NA,NA,NA,NA,NA
2016-08-22,2182.64,10494.35,1979.09,3084.81,16598.19
2016-08-23,2186.9,10592.88,1989.51,3089.71,16497.36
2016-08-24,2175.44,10622.97,1983.59,3085.88,16597.3
2016-08-25,2172.47,10529.59,1985.56,3068.33,16555.95
2016-08-26,2169.04,10587.77,1993.35,3070.31,16360.71
2016-08-27,NA,NA,NA,NA,NA
2016-08-28,NA,NA,NA,NA,NA
2016-08-29,2180.38,10544.44,1986.72,3070.03,16737.49
2016-08-30,2176.12,10657.64,1985.69,3074.68,16725.36
2016-08-31,2170.95,10592.69,1971.59,3085.49,16887.4
2016-09-01,2170.86,10534.31,1976.91,3063.31,16926.84
2016-09-02,2179.98,10683.82,2003.77,3067.35,16925.68
2016-09-03,NA,NA,NA,NA,NA
2016-09-04,NA,NA,NA,NA,NA
2016-09-05,NA,10672.22,2017.38,3072.1,17037.63
2016-09-06,2186.48,10687.14,2039.53,3090.71,17081.98
2016-09-07,2186.16,10752.98,2053.75,3091.93,17012.44
2016-09-08,2181.3,10675.29,2050.77,3095.95,16958.77
2016-09-09,2127.81,10573.44,2028.25,3078.85,16965.76
2016-09-10,NA,NA,NA,NA,NA
2016-09-11,NA,NA,NA,NA,NA
2016-09-12,2159.04,10431.77,2019.9,3021.98,16672.92
2016-09-13,2127.02,10386.6,2004.5,3023.51,16729.04
2016-09-14,2125.77,10378.4,2004.48,3002.85,16614.24
2016-09-15,2147.26,10431.2,1996.58,NA,16405.01
2016-09-16,2139.16,10276.17,1981.96,NA,16519.29
2016-09-17,NA,NA,NA,NA,NA
2016-09-18,NA,NA,NA,NA,NA
2016-09-19,2139.12,10373.87,1986.97,3026.05,NA
2016-09-20,2139.76,10393.86,1991.78,3023,16492.15
2016-09-21,2163.12,10436.49,1997.67,3025.87,16807.62
2016-09-22,2177.18,10674.18,2025.3,3042.31,NA
2016-09-23,2164.69,10626.97,2011.83,3033.9,16754.02
2016-09-24,NA,NA,NA,NA,NA
2016-09-25,NA,NA,NA,NA,NA
2016-09-26,2146.1,10393.71,1997.94,2980.43,16544.56
2016-09-27,2159.93,10361.48,1975.52,2998.17,16683.93
2016-09-28,2171.37,10438.34,1980.68,2987.86,16465.4
2016-09-29,2151.13,10405.54,1996.12,2998.48,16693.71
2016-09-30,2168.27,10511.02,1978,3004.7,16449.84
2016-10-01,NA,NA,NA,NA,NA
2016-10-02,NA,NA,NA,NA,NA
2016-10-03,2161.2,NA,1986.8,NA,16598.67
2016-10-04,2150.49,10619.61,1985.02,NA,16735.65
2016-10-05,2159.73,10585.78,1975.85,NA,16819.24
2016-10-06,2160.77,10568.8,1983.88,NA,16899.1
2016-10-07,2153.74,10490.86,1980.02,NA,16860.09
2016-10-08,NA,NA,NA,NA,NA
2016-10-09,NA,NA,NA,NA,NA
2016-10-10,2163.66,10624.08,2001.1,3048.14,NA
2016-10-11,2136.73,10577.16,2001.42,3065.25,17024.76
2016-10-12,2139.18,10523.07,1993.35,3058.5,16840
2016-10-13,2132.55,10414.07,1976.37,3061.35,16774.24
2016-10-14,2132.98,10580.38,1966.39,3063.81,16856.37
2016-10-15,NA,NA,NA,NA,NA
2016-10-16,NA,NA,NA,NA,NA
2016-10-17,2126.5,10503.57,1956.95,3041.17,16900.12
2016-10-18,2139.6,10631.55,1969.11,3083.88,16963.61
2016-10-19,2144.29,10645.68,1967.5,3084.72,16998.91
2016-10-20,2141.34,10701.39,1957.09,3084.46,17235.5
2016-10-21,2141.16,10710.73,1957.7,3090.94,17184.59
2016-10-22,NA,NA,NA,NA,NA
2016-10-23,NA,NA,NA,NA,NA
2016-10-24,2151.33,10761.17,1962.79,3128.25,17234.42
2016-10-25,2143.16,10757.31,1977.19,3131.94,17365.25
2016-10-26,2139.43,10709.68,1974.81,3116.31,17391.84
2016-10-27,2133.04,10717.08,1979.8,3112.35,17336.42
2016-10-28,2126.41,10696.19,1981.76,3104.27,17446.41
2016-10-29,NA,NA,NA,NA,NA
2016-10-30,NA,NA,NA,NA,NA
2016-10-31,2126.15,10665.01,1989.64,3100.49,17425.02
2016-11-01,2111.72,10526.16,1996.87,3122.44,17442.4
2016-11-02,2097.94,10370.93,1968.77,3102.73,17134.68
2016-11-03,2088.66,10325.88,1962.71,3128.94,NA
2016-11-04,2085.18,10259.13,NA,3125.32,16905.36
2016-11-05,NA,NA,NA,NA,NA
2016-11-06,NA,NA,NA,NA,NA
2016-11-07,2131.52,10456.95,1952.69,3133.33,17177.21
2016-11-08,2139.56,10482.32,1967.93,3147.89,17171.38
2016-11-09,2163.26,10646.01,2011.58,3128.37,16251.54
2016-11-10,2167.48,10630.12,2044.03,3171.28,17344.42
2016-11-11,2164.45,10667.95,2031.92,3196.04,17374.79
2016-11-12,NA,NA,NA,NA,NA
2016-11-13,NA,NA,NA,NA,NA
2016-11-14,2164.2,10693.69,2021.99,3210.37,17672.62
2016-11-15,2180.39,10735.14,2017.06,3206.99,17668.15
2016-11-16,2176.94,10663.87,2028.92,3205.06,17862.21
2016-11-17,2187.12,10685.54,2042.76,3208.45,17862.63
2016-11-18,2181.9,10664.56,2038.29,3192.86,17967.41
2016-11-19,NA,NA,NA,NA,NA
2016-11-20,NA,NA,NA,NA,NA
2016-11-21,2198.18,10685.13,2058.77,3218.15,18106.02
2016-11-22,2202.94,10713.85,2066.18,3248.35,18162.94
2016-11-23,2204.72,10662.44,2085.75,3241.14,NA
2016-11-24,NA,10689.26,2102.97,3241.74,18333.41
2016-11-25,2213.35,10699.27,2098.15,3261.94,18381.22
2016-11-26,NA,NA,NA,NA,NA
2016-11-27,NA,NA,NA,NA,NA
2016-11-28,2201.72,10582.67,2094.65,3277,18356.89
2016-11-29,2204.66,10620.49,2086.84,3282.92,18307.04
2016-11-30,2198.81,10640.3,2104.91,3250.03,18308.48
2016-12-01,2191.08,10534.05,2121.87,3273.31,18513.12
2016-12-02,2191.95,10513.35,2128.99,3243.84,18426.08
2016-12-03,NA,NA,NA,NA,NA
2016-12-04,NA,NA,NA,NA,NA
2016-12-05,2204.71,10684.83,2158.33,3204.71,18274.99
2016-12-06,2212.23,10775.32,2152.35,3199.65,18360.54
2016-12-07,2241.35,10986.69,2160.51,3222.24,18496.69
2016-12-08,2246.19,11179.42,2207.02,3215.37,18765.47
2016-12-09,2259.53,11203.63,2208.53,3232.88,18996.37
2016-12-10,NA,NA,NA,NA,NA
2016-12-11,NA,NA,NA,NA,NA
2016-12-12,2256.96,11190.21,2226.89,3152.97,19155.03
2016-12-13,2271.72,11284.65,2247.02,3155.04,19250.52
2016-12-14,2253.28,11244.84,2229.05,3140.53,19253.61
2016-12-15,2262.03,11366.4,2237.23,3117.68,19273.79
2016-12-16,2258.07,11404.01,2231.41,3122.98,19401.15
2016-12-17,NA,NA,NA,NA,NA
2016-12-18,NA,NA,NA,NA,NA
2016-12-19,2262.53,11426.7,2215.69,3118.08,19391.6
2016-12-20,2270.76,11464.74,2226.36,3102.88,19494.53
2016-12-21,2265.18,11468.64,2212.33,3137.43,19444.49
2016-12-22,2260.96,11456.1,2174.64,3139.56,19427.67
2016-12-23,2263.79,11449.93,2173.18,3110.15,NA
2016-12-24,NA,NA,NA,NA,NA
2016-12-25,NA,NA,NA,NA,NA
2016-12-26,NA,NA,2177.86,3122.57,19396.64
2016-12-27,2268.88,11472.24,2189.43,3114.66,19403.06
2016-12-28,2249.92,11474.99,2182.98,3102.24,19401.72
2016-12-29,2249.26,11451.05,2206.33,3096.1,19145.14
2016-12-30,2238.83,11481.06,2232.72,3103.64,19114.37
2016-12-31,NA,NA,NA,NA,NA
2017-01-01,NA,NA,NA,NA,NA
2017-01-02,NA,11598.33,NA,NA,NA
2017-01-03,2257.83,11584.24,2285.43,3135.92,NA
2017-01-04,2270.75,11584.31,2263.9,3158.79,19594.16
2017-01-05,2269,11584.94,2220.35,3165.41,19520.69
2017-01-06,2276.98,11599.01,2213.93,3154.32,19454.33
2017-01-07,NA,NA,NA,NA,NA
2017-01-08,NA,NA,NA,NA,NA
2017-01-09,2268.9,11563.99,2211.25,3171.24,NA
2017-01-10,2268.9,11583.3,2237.49,3161.67,19301.44
2017-01-11,2275.32,11646.17,2218.61,3136.75,19364.67
2017-01-12,2270.44,11521.04,2212,3119.29,19134.7
2017-01-13,2274.64,11629.18,2195.19,3112.76,19287.28
2017-01-14,NA,NA,NA,NA,NA
2017-01-15,NA,NA,NA,NA,NA
2017-01-16,NA,11554.71,2189.07,3103.43,19095.24
2017-01-17,2267.89,11540,2178.73,3108.77,18813.53
2017-01-18,2271.89,11599.39,2170.09,3113.01,18894.37
2017-01-19,2263.69,11596.89,2162.25,3101.3,19072.25
2017-01-20,2271.31,11630.13,2159.96,3123.14,19137.91
2017-01-21,NA,NA,NA,NA,NA
2017-01-22,NA,NA,NA,NA,NA
2017-01-23,2265.2,11545.75,2146.09,3136.77,18891.03
2017-01-24,2280.07,11594.94,2174.59,3142.55,18787.99
2017-01-25,2298.37,11806.05,2176,3149.55,19057.5
2017-01-26,2296.68,11848.63,2229.2,3159.17,19402.39
2017-01-27,2294.69,11814.27,2266.05,NA,19467.4
2017-01-28,NA,NA,NA,NA,NA
2017-01-29,NA,NA,NA,NA,NA
2017-01-30,2280.9,11681.89,2234.14,NA,19368.85
2017-01-31,2278.87,11535.31,2217.39,NA,19041.34
2017-02-01,2279.55,11659.5,2231.68,NA,19148.08
2017-02-02,2280.85,11627.95,2217.56,NA,18914.58
2017-02-03,2297.42,11651.49,2226.61,3140.17,18918.2
2017-02-04,NA,NA,NA,NA,NA
2017-02-05,NA,NA,NA,NA,NA
2017-02-06,2292.56,11509.84,2210.51,3156.98,18976.71
2017-02-07,2293.08,11549.44,2218.77,3153.09,18910.78
2017-02-08,2294.67,11543.38,2189.61,3166.98,19007.6
2017-02-09,2307.87,11642.86,2173.98,3183.18,18907.67
2017-02-10,2316.1,11666.97,2162.19,3196.7,19378.93
2017-02-11,NA,NA,NA,NA,NA
2017-02-12,NA,NA,NA,NA,NA
2017-02-13,2328.25,11774.43,2161.49,3216.84,19459.15
2017-02-14,2337.58,11771.81,2141.5,3217.93,19238.98
2017-02-15,2349.25,11793.93,2137.08,3212.99,19437.98
2017-02-16,2347.22,11757.24,2148.48,3229.62,19347.53
2017-02-17,2351.16,11757.02,2128.21,3202.08,19234.62
2017-02-18,NA,NA,NA,NA,NA
2017-02-19,NA,NA,NA,NA,NA
2017-02-20,NA,11827.62,2119.09,3239.96,19251.08
2017-02-21,2365.38,11967.49,2127.72,3253.33,19381.44
2017-02-22,2362.82,11998.59,2106.3,3261.22,19379.87
2017-02-23,2363.81,11947.83,NA,3251.38,19371.46
2017-02-24,2367.34,11804.03,2093.09,3253.43,19283.54
2017-02-25,NA,NA,NA,NA,NA
2017-02-26,NA,NA,NA,NA,NA
2017-02-27,2369.75,11822.67,2056.46,3228.66,19107.47
2017-02-28,2363.64,11834.41,2035.77,3241.73,19118.99
2017-03-01,2395.96,12067.19,2059.87,3246.93,19393.54
2017-03-02,2381.92,12059.57,2049,3230.03,19564.8
2017-03-03,2383.12,12027.36,2056.89,3218.31,19469.17
2017-03-04,NA,NA,NA,NA,NA
2017-03-05,NA,NA,NA,NA,NA
2017-03-06,2375.31,11958.4,2047.42,3233.87,19379.14
2017-03-07,2368.39,11966.14,2024.84,3242.41,19344.15
2017-03-08,2362.98,11967.31,NA,3240.66,19254.03
2017-03-09,2364.87,11978.39,1974.24,3216.75,19318.58
2017-03-10,2372.6,11963.18,1973.96,3212.76,19604.61
2017-03-11,NA,NA,NA,NA,NA
2017-03-12,NA,NA,NA,NA,NA
2017-03-13,2373.47,11990.03,2000.14,3237.02,19633.75
2017-03-14,2365.45,11988.79,2001.25,3239.33,19609.5
2017-03-15,2385.26,12009.87,1992.59,3241.76,19577.38
2017-03-16,2381.38,12083.18,2014.37,3268.94,19590.14
2017-03-17,2378.25,12095.24,2036.96,3237.45,19521.59
2017-03-18,NA,NA,NA,NA,NA
2017-03-19,NA,NA,NA,NA,NA
2017-03-20,2373.47,12052.9,2042.72,3250.81,NA
2017-03-21,2344.02,11962.13,2048.07,3261.61,19455.88
2017-03-22,2348.45,11904.12,2061.53,3245.22,19041.38
2017-03-23,2345.96,12039.68,2051.04,3248.55,19085.31
2017-03-24,2343.98,12064.27,2039.77,3269.45,19262.53
2017-03-25,NA,NA,NA,NA,NA
2017-03-26,NA,NA,NA,NA,19060.5
2017-03-27,2341.59,11996.07,2013.16,3266.96,18985.59
2017-03-28,2358.57,12149.42,2032.54,3252.95,19202.87
2017-03-29,2361.13,12203,2023.71,3241.31,19217.48
2017-03-30,2368.06,12256.43,2021.88,3210.24,19063.22
2017-03-31,2362.72,12312.87,1995.9,3222.51,18909.26
2017-04-01,NA,NA,NA,NA,NA
2017-04-02,NA,NA,NA,NA,18979
2017-04-03,2358.84,12257.2,2008.61,NA,18983.23
2017-04-04,2360.16,12282.34,2025.69,NA,18810.25
2017-04-05,2352.95,12217.54,2056.32,3270.31,18861.27
2017-04-06,2357.49,12230.89,2054.69,3281,18597.06
2017-04-07,2355.54,12225.06,2020.23,3286.62,18664.63
2017-04-08,NA,NA,NA,NA,NA
2017-04-09,NA,NA,NA,NA,18800.5
2017-04-10,2357.16,12200.52,1971.23,3269.39,18797.88
2017-04-11,2353.78,12139.35,1977.95,3288.97,18747.87
2017-04-12,2344.93,12154.7,1947.88,3273.83,18552.61
2017-04-13,2328.95,12109,1944.7,3275.96,18426.84
2017-04-14,NA,NA,1916.29,3246.07,18335.63
2017-04-15,NA,NA,NA,NA,NA
2017-04-16,NA,NA,NA,NA,18240.5
2017-04-17,2349.01,NA,1942.72,3222.17,18355.26
2017-04-18,2342.19,12000.44,1920.29,3196.71,18418.59
2017-04-19,2338.17,12016.45,1916.5,3170.69,18432.2
2017-04-20,2355.84,12027.32,1932.17,3172.1,18430.49
2017-04-21,2348.69,12048.57,1944.72,3173.15,18620.75
2017-04-22,NA,NA,NA,NA,NA
2017-04-23,NA,NA,NA,NA,18909
2017-04-24,2374.15,12454.98,1979.57,3129.53,18875.88
2017-04-25,2388.61,12467.04,1998.41,3134.57,19079.33
2017-04-26,2387.45,12472.8,2026.92,3140.85,19289.43
2017-04-27,2388.77,12443.79,2011.67,3152.19,19251.87
2017-04-28,2384.2,12438.01,2016.71,3154.66,19196.74
2017-04-29,NA,NA,NA,NA,NA
2017-04-30,NA,NA,NA,NA,19202.5
2017-05-01,2388.33,NA,NA,NA,19310.52
2017-05-02,2391.17,12507.9,2026.85,3143.71,19445.7
2017-05-03,2388.13,12527.84,1993.66,3135.35,NA
2017-05-04,2389.52,12647.78,1998.87,3127.37,NA
2017-05-05,2399.29,12716.89,2002.41,3103.04,NA
2017-05-06,NA,NA,NA,NA,NA
2017-05-07,NA,NA,NA,NA,19729
2017-05-08,2399.38,12694.55,NA,3078.61,19895.7
2017-05-09,2396.92,12749.12,NA,3080.53,19843
2017-05-10,2399.63,12757.46,2028.21,3052.78,19900.09
2017-05-11,2394.44,12711.06,2002.54,3061.5,19961.55
2017-05-12,2390.9,12770.41,1994.58,3083.51,19883.9
2017-05-13,NA,NA,NA,NA,NA
2017-05-14,NA,NA,NA,NA,NA
2017-05-15,2402.32,12807.04,2003.12,3090.23,19869.85
2017-05-16,2400.67,12804.53,1992.94,3112.96,19919.82
2017-05-17,2357.03,12631.61,1994.35,3104.44,19814.88
2017-05-18,2365.72,12590.06,1967.66,3090.14,19553.86
2017-05-19,2381.73,12638.69,1962.4,3090.63,19590.76
2017-05-20,NA,NA,NA,NA,NA
2017-05-21,NA,NA,NA,NA,19674.5
2017-05-22,2394.02,12619.46,1950.51,3075.68,19678.28
2017-05-23,2398.42,12659.15,1960.16,3061.95,19613.28
2017-05-24,2404.39,12642.87,1951.98,3064.08,19742.98
2017-05-25,2415.07,12621.72,1947.26,3107.83,19813.13
2017-05-26,2415.82,12602.18,1934.25,3110.06,19686.84
2017-05-27,NA,NA,NA,NA,NA
2017-05-28,NA,NA,NA,NA,19686
2017-05-29,NA,12628.95,1940.77,NA,19682.57
2017-05-30,2412.91,12598.68,1932.91,NA,19677.85
2017-05-31,2411.8,12615.06,1900.38,3117.18,19650.57
2017-06-01,2430.06,12664.92,1869.66,3102.62,19860.03
2017-06-02,2439.07,12822.94,1881.87,3105.54,20177.28
2017-06-03,NA,NA,NA,NA,NA
2017-06-04,NA,NA,NA,NA,20122.5
2017-06-05,2436.1,NA,1877.69,3091.66,20170.82
2017-06-06,2429.33,12690.12,1870.04,3102.13,19979.9
2017-06-07,2433.14,12672.49,1868.42,3140.32,19984.62
2017-06-08,2433.79,12713.58,1874.21,3150.33,19909.26
2017-06-09,2431.77,12815.72,1883.34,3158.4,20013.26
2017-06-10,NA,NA,NA,NA,NA
2017-06-11,NA,NA,NA,NA,19917.5
2017-06-12,2429.39,12690.44,NA,3139.88,19908.58
2017-06-13,2440.35,12764.98,1861.27,3153.74,19898.75
2017-06-14,2437.92,12805.95,1838.32,3130.67,19883.52
2017-06-15,2432.46,12691.81,1817.82,3132.49,19831.82
2017-06-16,2433.15,12752.73,1822.91,3123.17,19943.26
2017-06-17,NA,NA,NA,NA,NA
2017-06-18,NA,NA,NA,NA,19965
2017-06-19,2453.46,12888.95,1849.78,3144.37,20067.75
2017-06-20,2437.03,12814.79,1857.96,3140.01,20230.41
2017-06-21,2435.61,12774.26,1850.81,3156.21,20138.79
2017-06-22,2434.5,12794,1860.05,3147.45,20110.51
2017-06-23,2438.3,12733.41,1867.46,3157.87,20132.67
2017-06-24,NA,NA,NA,NA,NA
2017-06-25,NA,NA,NA,NA,20118
2017-06-26,2439.07,12770.83,1860.39,3185.44,20153.35
2017-06-27,2419.38,12671.02,1878.94,3191.2,20225.09
2017-06-28,2440.69,12647.27,1891.98,3173.2,20130.41
2017-06-29,2419.7,12416.19,1881.04,3188.06,20220.3
2017-06-30,2423.41,12325.12,1879.5,3192.43,20033.43
2017-07-03,"2,429.01","12,475.31","1,902.59","3,195.91","20,055.80"
